{"cameraMode":{"drawMode":0,"name":"Shaded","section":"Shading Mode"},"sceneLighting":true,"audioPlay":false,"sceneViewState":{"m_AlwaysRefresh":true,"showFog":true,"showSkybox":true,"showFlares":true,"showImageEffects":true,"showParticleSystems":true,"showVisualEffectGraphs":true,"m_FxEnabled":true},"in2DMode":false,"pivot":{"x":316.1435241699219,"y":225.41481018066407,"z":392.3183288574219},"rotation":{"x":-0.18374820053577424,"y":0.010907873511314392,"z":-0.0020391547586768867,"w":-0.9829110503196716},"size":671.6715698242188,"orthographic":false}